model,mae,rmse,mape,cv_mape_mean
Prophet,464.6412368344047,491.7407940277443,6.203500162361584,0.07024390427921094
