model,mae,rmse,mape,cv_mae_mean
XGBoost,501.5777282714844,543.6572334660875,6.679078042919698,942.9015014648437
